app_name,developer_name,group_label,directory_status,source_url,app_url,contacts_permission,call_logs_permission,sms_permission,media_permission,named_regulated_lender,apr_disclosed,developer_website_present,physical_address_present,company_email_domain,app_age_days,days_since_update,installs,rating,complaint_rate,name_similarity,feature_source_date,feature_source_note,collection_status
Lendingkart Android Mobile App,LENDINGKART FINANCE LIMITED (FORMERLY AADRI INFIN LIMITED),Verified,Listed,https://play.google.com/store/apps/details?id=com.LendingKart&hl=en_IN&pli=1,https://play.google.com/store/apps/details?id=com.LendingKart&hl=en_IN&pli=1,,,,,,,,,,,,,,,,,,Pending
BankSathi,BS Fintech Private Limited,Verified,Listed,https://play.google.com/store/apps/details?id=com.app.banksathi,https://play.google.com/store/apps/details?id=com.app.banksathi,,,,,,,,,,,,,,,,,,Pending
Android -Kotak Bank (Old),KOTAK MAHINDRA BANK LTD.,Verified,Listed,https://ktkbank.page.link/ANPLCC,https://ktkbank.page.link/ANPLCC,,,,,,,,,,,,,,,,,,Pending
SN Insta Personal Advance Loan,ZED LEAFIN PVT. LTD.,Verified,Listed,https://play.google.com/store/apps/details?id=com.kksv.salarynowloan,https://play.google.com/store/apps/details?id=com.kksv.salarynowloan,,,,,,,,,,,,,,,,,,Pending
CashPey – India’s Own Loan App,CashPey – India’s Own Loan App,Verified,Listed,https://play.google.com/store/apps/details?id=com.cashpey,https://play.google.com/store/apps/details?id=com.cashpey,,,,,,,,,,,,,,,,,,Pending
LoanVanta,KONSALA SUPER TECHNOLOGY PRIVATE LIMITED,Verified,Listed,https://play.google.com/store/apps/details?id=com.credit.konsala.loanvanta.loc.service,https://play.google.com/store/apps/details?id=com.credit.konsala.loanvanta.loc.service,,,,,,,,,,,,,,,,,,Pending
Digital Education Loan,PUNJAB NATIONAL BANK,Verified,Listed,https://digiel.pnb.bank.in/#/education-home,https://digiel.pnb.bank.in/#/education-home,,,,,,,,,,,,,,,,,,Pending
HDFC Bank Mobile Banking App,HDFC BANK LTD.,Verified,Listed,https://play.google.com/store/apps/details?id=com.hdfcbank.android.now&pcampaignid=web_shareApp,https://play.google.com/store/apps/details?id=com.hdfcbank.android.now&pcampaignid=web_shareApp,,,,,,,,,,,,,,,,,,Pending
Pre-Qualified Credit Card (PQCC),PUNJAB NATIONAL BANK,Verified,Listed,PNB?One App,PNB?One App,,,,,,,,,,,,,,,,,,Pending
iMobile (Android),ICICI BANK LIMITED,Verified,Listed,https://play.google.com/store/apps/details?id=com.csam.icici.bank.imobile,https://play.google.com/store/apps/details?id=com.csam.icici.bank.imobile,,,,,,,,,,,,,,,,,,Pending
Petticash,BT Finance Pvt Ltd,Verified,Listed,https://play.google.com/store/apps/details?id=in.mobilemoney.finance&hl=en_IN,https://play.google.com/store/apps/details?id=in.mobilemoney.finance&hl=en_IN,,,,,,,,,,,,,,,,,,Pending
Blink Credit,FINOVATEX TECHNOLOGIES PRIVATE LIMITED,Verified,Listed,https://play.google.com/store/apps/details?id=com.core.service.safe.cred.link.pro.ncin.app,https://play.google.com/store/apps/details?id=com.core.service.safe.cred.link.pro.ncin.app,,,,,,,,,,,,,,,,,,Pending
Oolka,Sixdis Technologies Private Limited,Verified,Listed,https://play.google.com/store/apps/details?id=app.oolka.com&hl=en_IN,https://play.google.com/store/apps/details?id=app.oolka.com&hl=en_IN,,,,,,,,,,,,,,,,,,Pending
CashNandi - Instant Loan App,NAPEAN FINVEST PVT. LTD.,Verified,Listed,https://play.google.com/store/apps/details?id=com.cash.nandi.instan.loan.app,https://play.google.com/store/apps/details?id=com.cash.nandi.instan.loan.app,,,,,,,,,,,,,,,,,,Pending
JHATPAT LOANS,ACHIIEVERS FINANCE INDIA PRIVATE LIMITED,Verified,Listed,https://play.google.com/store/apps/details?id=com.habile.cloudbankin.achiievers&pcampaignid=web_share,https://play.google.com/store/apps/details?id=com.habile.cloudbankin.achiievers&pcampaignid=web_share,,,,,,,,,,,,,,,,,,Pending
Money Monk App,MONK CAPITAL PVT. LTD. (FORMERLY GLAZE BARTER PVT. LTD.),Verified,Listed,https://play.google.com/store/apps/details?id=com.monkCapital.moneyMonk&hl=en_IN,https://play.google.com/store/apps/details?id=com.monkCapital.moneyMonk&hl=en_IN,,,,,,,,,,,,,,,,,,Pending
PayZapp,HDFC BANK LTD.,Verified,Listed,https://v.hdfc.bank.in/payzapp/index.html,https://v.hdfc.bank.in/payzapp/index.html,,,,,,,,,,,,,,,,,,Pending
NYE,Rapipay Fintech Private Limited,Verified,Listed,https://in.rapipay.com,https://in.rapipay.com,,,,,,,,,,,,,,,,,,Pending
Toyota Finance,TOYOTA FINANCIAL SERVICES INDIA LIMITED,Verified,Listed,https://play.google.com/store/apps/details?id=com.toyotafinance.projectvikram,https://play.google.com/store/apps/details?id=com.toyotafinance.projectvikram,,,,,,,,,,,,,,,,,,Pending
FriendLoan - 1hr Business Loan,SAMPATHI CREDITS PRIVATE LIMITED,Verified,Listed,https://play.google.com/store/apps/details?id=in.fl.loan,https://play.google.com/store/apps/details?id=in.fl.loan,,,,,,,,,,,,,,,,,,Pending
Airpay Capital,Airpay Payment Services Private Limited,Verified,Listed,https://play.google.com/store/apps/details?id=com.airpay.capital&hl=en_IN,https://play.google.com/store/apps/details?id=com.airpay.capital&hl=en_IN,,,,,,,,,,,,,,,,,,Pending
MCFL Loans,MANGAL CREDIT AND FINCORP LIMITED,Verified,Listed,https://play.google.com/store/apps/details?id=com.mangalgoldloan,https://play.google.com/store/apps/details?id=com.mangalgoldloan,,,,,,,,,,,,,,,,,,Pending
CreditFIT App,Creditmantri Finserve Private Limited,Verified,Listed,https://play.google.com/store/apps/details?id=com.creditmantri,https://play.google.com/store/apps/details?id=com.creditmantri,,,,,,,,,,,,,,,,,,Pending
salary24x7,Finovel Fintech Private Limited,Verified,Listed,https://play.google.com/store/apps/details?id=com.merusphere.salary247.borrower&pcampaignid=web_share,https://play.google.com/store/apps/details?id=com.merusphere.salary247.borrower&pcampaignid=web_share,,,,,,,,,,,,,,,,,,Pending
Upwards,LENDINGKART FINANCE LIMITED (FORMERLY AADRI INFIN LIMITED),Verified,Listed,https://play.google.com/store/apps/details?id=com.goupwards&hl=en_IN&pli=1,https://play.google.com/store/apps/details?id=com.goupwards&hl=en_IN&pli=1,,,,,,,,,,,,,,,,,,Pending
MidFin Customer Service App,MIDLAND MICROFIN LIMITED (FORMERLY SAJAN HIRE PURCHASE LIMITED),Verified,Listed,https://play.google.com/store/apps/details?id=com.microfin.midland&hl=en_IN,https://play.google.com/store/apps/details?id=com.microfin.midland&hl=en_IN,,,,,,,,,,,,,,,,,,Pending
Ninja Global Import Export,Ninjacart Services Private Limited,Verified,Listed,https://play.google.com/store/apps/details?id=com.ninja.ninjaglobal&pli=1,https://play.google.com/store/apps/details?id=com.ninja.ninjaglobal&pli=1,,,,,,,,,,,,,,,,,,Pending
Loan against Mutual Funds,CITY UNION BANK LIMITED,Verified,Listed,https://las.cityunionbank.in,https://las.cityunionbank.in,,,,,,,,,,,,,,,,,,Pending
Kissht,OnEMI Technologies Solutions Limited,Verified,Listed,Kissht: Instant Personal Loans - Apps on Google Play,Kissht: Instant Personal Loans - Apps on Google Play,,,,,,,,,,,,,,,,,,Pending
ZenLyfe Loan against Deposit( Mobile Banking App ),BANK OF MAHARASHTRA,Verified,Listed,Available in Play Store / App Store,Available in Play Store / App Store,,,,,,,,,,,,,,,,,,Pending
AU 0101 Business - Mobile Banking,AU SMALL FINANCE BANK LIMITED,Verified,Listed,https://play.google.com/store/apps/details?id=com.au.mrct,https://play.google.com/store/apps/details?id=com.au.mrct,,,,,,,,,,,,,,,,,,Pending
Get it Now,Kapiital kapslock Private Limited,Verified,Listed,https://play.google.com/store/apps/details?id=com.kapiital.getitnow&hl=en_IN,https://play.google.com/store/apps/details?id=com.kapiital.getitnow&hl=en_IN,,,,,,,,,,,,,,,,,,Pending
Branch International Financial Services Private Limited,Branch International Financial Services Private Limited,Verified,Listed,https://play.google.com/store/apps/details?id=com.branch_international.branch.branch_demo_android&referrer=utm_source=IN_Website&utm_medium=CTA_Click&utm_term=CTA_click&gl=in,https://play.google.com/store/apps/details?id=com.branch_international.branch.branch_demo_android&referrer=utm_source=IN_Website&utm_medium=CTA_Click&utm_term=CTA_click&gl=in,,,,,,,,,,,,,,,,,,Pending
WeRize Customer App,Wortgage Technologies Pvt Ltd,Verified,Listed,https://play.google.com/store/apps/details?id=com.moneyonclick.customerapp,https://play.google.com/store/apps/details?id=com.moneyonclick.customerapp,,,,,,,,,,,,,,,,,,Pending
Kredit Mart Personal Loan App,KREDITMART SMARTPAY ADVISORY PRIVATE LIMITED,Verified,Listed,https://kreditmart.loan,https://kreditmart.loan,,,,,,,,,,,,,,,,,,Pending
Grameen MAHI,CREDITACCESS GRAMEEN LIMITED,Verified,Listed,https://play.google.com/store/apps/details?id=com.creditaccessgrameen.mahi&hl=en_IN,https://play.google.com/store/apps/details?id=com.creditaccessgrameen.mahi&hl=en_IN,,,,,,,,,,,,,,,,,,Pending
Cover Mantra,CoverMantra Services Private Limited,Verified,Listed,https://play.google.com/store/apps/details?id=com.covermantra.loan,https://play.google.com/store/apps/details?id=com.covermantra.loan,,,,,,,,,,,,,,,,,,Pending
Asirvad Online Gold Loan (OGL),ASIRVAD MICRO FINANCE LIMITED,Verified,Listed,https://play.google.com/store/apps/details?id=com.asirvadogl,https://play.google.com/store/apps/details?id=com.asirvadogl,,,,,,,,,,,,,,,,,,Pending
SIB Mirror +,SIB,Verified,Listed,www.southindianbank.com,www.southindianbank.com,,,,,,,,,,,,,,,,,,Pending
Loan10minute,UNICAP INVESTMENTS PRIVATE LIMITED,Verified,Listed,https://play.google.com/store/apps/details?id=com.unicap.loan10minute,https://play.google.com/store/apps/details?id=com.unicap.loan10minute,,,,,,,,,,,,,,,,,,Pending
Paisa108,Paisa 108 Private Limited,Verified,Listed,https://play.google.com/store/apps/details?id=app.paisa108.com,https://play.google.com/store/apps/details?id=app.paisa108.com,,,,,,,,,,,,,,,,,,Pending
SPEEL FINANCE COMPANY PRIVATE LIMITED,SPEEL FINANCE CO P LTD.,Verified,Listed,https://play.google.com/store/apps/details?id=com.pocketly,https://play.google.com/store/apps/details?id=com.pocketly,,,,,,,,,,,,,,,,,,Pending
Bahi Khata Loans,Ninjamonk Proptech Pvt Ltd,Verified,Listed,https://play.google.com/store/apps/details?id=com.bahikhata&hl=en_IN,https://play.google.com/store/apps/details?id=com.bahikhata&hl=en_IN,,,,,,,,,,,,,,,,,,Pending
Samsung Finance+,Samsung India Electronics Private Ltd.,Verified,Listed,https://play.google.com/store/apps/details?id=com.samsung.android.samsungsure&gl=in,https://play.google.com/store/apps/details?id=com.samsung.android.samsungsure&gl=in,,,,,,,,,,,,,,,,,,Pending
GetCred,Aryaman Finance (India) Limited,Verified,Listed,https://play.google.com/store/apps/details?id=com.personalloanapp,https://play.google.com/store/apps/details?id=com.personalloanapp,,,,,,,,,,,,,,,,,,Pending
WeCredit,QuantumX Global Private Limited,Verified,Listed,https://play.google.com/store/apps/details?id=com.wecredit.Wecredit&hl=en_IN,https://play.google.com/store/apps/details?id=com.wecredit.Wecredit&hl=en_IN,,,,,,,,,,,,,,,,,,Pending
Finnable: Personal Loan App,Finnable Credit Limited,Verified,Listed,https://play.google.com/store/apps/details?id=com.finnable.customer&hl=en_IN,https://play.google.com/store/apps/details?id=com.finnable.customer&hl=en_IN,,,,,,,,,,,,,,,,,,Pending
Cashone,S.B.N. LEASING AND FINANCE LTD.,Verified,Listed,https://play.google.com/store/apps/details?id=com.sbnnbfc.cashone,https://play.google.com/store/apps/details?id=com.sbnnbfc.cashone,,,,,,,,,,,,,,,,,,Pending
Abhicash,Abhicash Infotech Private Limited,Verified,Listed,https://play.google.com/store/apps/details?id=com.abhicash.abhicashapp&hl=en,https://play.google.com/store/apps/details?id=com.abhicash.abhicashapp&hl=en,,,,,,,,,,,,,,,,,,Pending
BRIDGE,ZAVO NEXUS PRIVATE LIMITED,Verified,Listed,https://play.google.com/store/apps/details?id=com.bridge.capital.app,https://play.google.com/store/apps/details?id=com.bridge.capital.app,,,,,,,,,,,,,,,,,,Pending
Oro Money,Orocorp Technologies Pvt ltd,Verified,Listed,https://play.google.com/store/apps/details?id=in.orocorp.customer,https://play.google.com/store/apps/details?id=in.orocorp.customer,,,,,,,,,,,,,,,,,,Pending
Kredmint,Kredmint Technologies Private Limited,Verified,Listed,https://play.google.com/store/apps/details?id=com.schn9891.onecodewebnew&hl=en_IN,https://play.google.com/store/apps/details?id=com.schn9891.onecodewebnew&hl=en_IN,,,,,,,,,,,,,,,,,,Pending
Rupeeredee,MONEYMITRA IT SOLUTIONS PRIVATE LIMITED,Verified,Listed,https://play.google.com/store/apps/details?id=com.rupeeredee.app,https://play.google.com/store/apps/details?id=com.rupeeredee.app,,,,,,,,,,,,,,,,,,Pending
MyShubhLife,Datasigns Technologies Private Limited,Verified,Listed,https://play.google.com/store/apps/details?id=com.datasignstech.lam&hl=en&gl=IN,https://play.google.com/store/apps/details?id=com.datasignstech.lam&hl=en&gl=IN,,,,,,,,,,,,,,,,,,Pending
LoanArambh,MIRRAQUIX TECHNOLOGIES PRIVATE LIMITED,Verified,Listed,https://play.google.com/store/apps/details?id=com.app.loanarambh.india.cash,https://play.google.com/store/apps/details?id=com.app.loanarambh.india.cash,,,,,,,,,,,,,,,,,,Pending
Unity Small Finance Bank APP,Unity Small Finance Bank Limited,Verified,Listed,https://apps.apple.com/in/app/unity-bank-fd-savings-account/id6450705139,https://apps.apple.com/in/app/unity-bank-fd-savings-account/id6450705139,,,,,,,,,,,,,,,,,,Pending
FixoFin,AMMO Digital LLP,Verified,Listed,https://play.google.com/store/apps/details?id=ammodigital.fixofin,https://play.google.com/store/apps/details?id=ammodigital.fixofin,,,,,,,,,,,,,,,,,,Pending
50fin: Loan Against Securities App,Fifty Fintech Pvt. Ltd,Verified,Listed,https://play.google.com/store/apps/details?id=com.fiftyfin.app,https://play.google.com/store/apps/details?id=com.fiftyfin.app,,,,,,,,,,,,,,,,,,Pending
Salary112,CREDITBRIDGE TECHNOLOGIES LLP,Verified,Listed,https://play.google.com/store/apps/details?id=com.vimanotech.salary112,https://play.google.com/store/apps/details?id=com.vimanotech.salary112,,,,,,,,,,,,,,,,,,Pending
DMI Finance app,DMI FINANCE PVT LTD.,Verified,Listed,https://play.google.com/store/apps/details?id=in.dmifinance.app&hl=en_IN,https://play.google.com/store/apps/details?id=in.dmifinance.app&hl=en_IN,,,,,,,,,,,,,,,,,,Pending
Unnatti,Unnatti Finserv Private Limited,Verified,Listed,https://play.google.com/store/apps/details?id=com.uinvestment.app.unnatii,https://play.google.com/store/apps/details?id=com.uinvestment.app.unnatii,,,,,,,,,,,,,,,,,,Pending
Paytm-MSME,One97 Communications Limited,Verified,Listed,https://apps.apple.com/in/app/paytm-for-business/id1351301966,https://apps.apple.com/in/app/paytm-for-business/id1351301966,,,,,,,,,,,,,,,,,,Pending
DRONA,SATYA MICROCAPITAL LTD,Verified,Listed,play.google.com/store/apps/details?id=com.satyamicrocapital.app,play.google.com/store/apps/details?id=com.satyamicrocapital.app,,,,,,,,,,,,,,,,,,Pending
Buddyloan,BVALUE SERVICES PRIVATE LIMITED -Buddyloan,Verified,Listed,https://play.google.com/store/apps/details?id=com.buddyloan.vls,https://play.google.com/store/apps/details?id=com.buddyloan.vls,,,,,,,,,,,,,,,,,,Pending
Tide,Tide Platform Private Limited -Tide,Verified,Listed,https://play.google.com/store/apps/details?id=co.tide.tideplatform.in&hl=en_IN&pli=1,https://play.google.com/store/apps/details?id=co.tide.tideplatform.in&hl=en_IN&pli=1,,,,,,,,,,,,,,,,,,Pending
CredMe,Delviant AI Labs Private Limited,Verified,Listed,https://play.google.com/store/apps/details?id=com.delviant.credme,https://play.google.com/store/apps/details?id=com.delviant.credme,,,,,,,,,,,,,,,,,,Pending
Nobroker Instacash,Nobroker Technologies Solutions Private Limited,Verified,Listed,https://play.google.com/store/apps/details?id=com.nobroker.loans&hl=en_IN,https://play.google.com/store/apps/details?id=com.nobroker.loans&hl=en_IN,,,,,,,,,,,,,,,,,,Pending
IFHL,Daksfirst India Finance House Private Limited,Verified,Listed,https://play.google.com/store/apps/details?id=com.ifhl,https://play.google.com/store/apps/details?id=com.ifhl,,,,,,,,,,,,,,,,,,Pending
ShubhLoan-Personal Loan App,LUCKY HOLDINGS PVT. LTD.,Verified,Listed,https://play.google.com/store/apps/details?id=com.shubewzgty.werbfys.rtuca,https://play.google.com/store/apps/details?id=com.shubewzgty.werbfys.rtuca,,,,,,,,,,,,,,,,,,Pending
Equall,LTCV Credit Private Limited,Verified,Listed,https://play.google.com/store/apps/details?id=in.co.equall&hl=en,https://play.google.com/store/apps/details?id=in.co.equall&hl=en,,,,,,,,,,,,,,,,,,Pending
Fixrupee,CRONBAY TECHNOLOGIES PRIVATE LIMITED,Verified,Listed,https://play.google.com/store/apps/details?id=com.fixrupee.twa,https://play.google.com/store/apps/details?id=com.fixrupee.twa,,,,,,,,,,,,,,,,,,Pending
Velicham,Velicham Finance Private Limited,Verified,Listed,https://play.google.com/store/apps/details?id=com.velichamfinance.customer,https://play.google.com/store/apps/details?id=com.velichamfinance.customer,,,,,,,,,,,,,,,,,,Pending
SMC Gold Loan,MONEYWISE FINANCIAL SERVICES PRIVATE LIMITED,Verified,Listed,https://play.google.com/store/search?q=smc+gold+loan&c=apps&hl=en_IN,https://play.google.com/store/search?q=smc+gold+loan&c=apps&hl=en_IN,,,,,,,,,,,,,,,,,,Pending
Mybank – Android version,RBL BANK LTD,Verified,Listed,https://play.google.com/store/apps/details?id=com.rblbank.mobank,https://play.google.com/store/apps/details?id=com.rblbank.mobank,,,,,,,,,,,,,,,,,,Pending
Upwards by Lendingkart.,Lendingkart Technologies Private Limited,Verified,Listed,https://play.google.com/store/apps/details?id=com.goupwards&gl=IN,https://play.google.com/store/apps/details?id=com.goupwards&gl=IN,,,,,,,,,,,,,,,,,,Pending
Yuva Personal Loan App,YUVARAJ FINANCE (PVT) LTD.,Verified,Listed,https://play.google.com/store/apps/details?id=yuva.loan.app,https://play.google.com/store/apps/details?id=yuva.loan.app,,,,,,,,,,,,,,,,,,Pending
Digicredit,KHOSYA FINLEASE (P) LTD.,Verified,Listed,https://digicredit.in/,https://digicredit.in/,,,,,,,,,,,,,,,,,,Pending
Famescore Pvt Ltd [Other - Disbursal Drawdown],FinAGG Services Pvt Ltd,Verified,Listed,https://play.google.com/store/apps/details?id=com.finagg.retailerApp&hl=en_IN,https://play.google.com/store/apps/details?id=com.finagg.retailerApp&hl=en_IN,,,,,,,,,,,,,,,,,,Pending
WOGOM B2B Marketplace,World Goods Marketplace Private Limited,Verified,Listed,https://play.google.com/store/apps/details?id=com.app.wogom&hl=en_IN,https://play.google.com/store/apps/details?id=com.app.wogom&hl=en_IN,,,,,,,,,,,,,,,,,,Pending
Angel One,Angel One Limited,Verified,Listed,https://protect.checkpoint.com/v2/r05/___https://play.google.com/store/apps/details?id=com.msf.angelmobile&hl=en_IN___.YXBzMTphbmdlbG9uZTpjOm86MmNmMjI2MTgzMWVhZTM2ZGE1OTMxYzYyNzI5Yjc4ZGE6Nzo0NTNkOjEyMmE1ZDYxZTlhNmE5NmNiYzExODQwODA1NzhlNDMwZDA0MGJiYzc3ZmQ2ODAzN2E2NzQ2OWVjZWJjODE0MTI6dDpGOkY,https://protect.checkpoint.com/v2/r05/___https://play.google.com/store/apps/details?id=com.msf.angelmobile&hl=en_IN___.YXBzMTphbmdlbG9uZTpjOm86MmNmMjI2MTgzMWVhZTM2ZGE1OTMxYzYyNzI5Yjc4ZGE6Nzo0NTNkOjEyMmE1ZDYxZTlhNmE5NmNiYzExODQwODA1NzhlNDMwZDA0MGJiYzc3ZmQ2ODAzN2E2NzQ2OWVjZWJjODE0MTI6dDpGOkY,,,,,,,,,,,,,,,,,,Pending
Credcashy,TRANSITECH IT SERVICES PRIVATE LIMITED,Verified,Listed,https://credcashy.com/,https://credcashy.com/,,,,,,,,,,,,,,,,,,Pending
Shriram One App,Shriram Finance Limited,Verified,Listed,https://play.google.com/store/apps/details?id=com.shriram.oneIOS:,https://play.google.com/store/apps/details?id=com.shriram.oneIOS:,,,,,,,,,,,,,,,,,,Pending
Actoloan,Prakash Chemtex (India) Limited,Verified,Listed,https://play.google.com/store/apps/details?id=com.actoloan.app.actoloan,https://play.google.com/store/apps/details?id=com.actoloan.app.actoloan,,,,,,,,,,,,,,,,,,Pending
Google Pay: Secure UPI payment App,Google India Digital Services Pvt. Ltd.,Verified,Listed,https://play.google.com/store/apps/details?id=com.google.android.apps.nbu.paisa.user,https://play.google.com/store/apps/details?id=com.google.android.apps.nbu.paisa.user,,,,,,,,,,,,,,,,,,Pending
Groww Credit App,Billionbrains Garage Ventures Limited,Verified,Listed,https://play.google.com/store/apps/details?id=in.groww.dash,https://play.google.com/store/apps/details?id=in.groww.dash,,,,,,,,,,,,,,,,,,Pending
Tala: Fast & Secure Loan App,TALAZEN FINANCE INDIA PRIVATE LIMITED,Verified,Listed,https://play.google.com/store/apps/details?id=in.com.tala,https://play.google.com/store/apps/details?id=in.com.tala,,,,,,,,,,,,,,,,,,Pending
SU wallet,S.U.SECURITIES PVT. LTD.,Verified,Listed,https://play.google.com/store/apps/details?id=com.suwallet.lendspace.solutions,https://play.google.com/store/apps/details?id=com.suwallet.lendspace.solutions,,,,,,,,,,,,,,,,,,Pending
Spice Money Adhikari AEPS App,Spice Money Limited,Verified,Listed,https://play.google.com/store/apps/details?id=in.spicemudra&hl=en_IN,https://play.google.com/store/apps/details?id=in.spicemudra&hl=en_IN,,,,,,,,,,,,,,,,,,Pending
VegaCash: Personal Loan,LUCKY HOLDINGS PVT. LTD.,Verified,Listed,https://play.google.com/store/apps/details?id=com.vegacash.erscsa.czzditwad,https://play.google.com/store/apps/details?id=com.vegacash.erscsa.czzditwad,,,,,,,,,,,,,,,,,,Pending
GetitNow,KAPIITAL KAPSLOCK PRIVATE LIMITED,Verified,Listed,https://play.google.com/store/apps/details?id=com.kapiital.getitnow,https://play.google.com/store/apps/details?id=com.kapiital.getitnow,,,,,,,,,,,,,,,,,,Pending
Rapid Money,Moneytiem Technology Solutions Private Limited,Verified,Listed,https://play.google.com/store/apps/details?id=com.rapid_money&hl=en_IN,https://play.google.com/store/apps/details?id=com.rapid_money&hl=en_IN,,,,,,,,,,,,,,,,,,Pending
ClickmyLoan,F MEC INTERNATIONAL FINANCIAL SERVICES LTD.,Verified,Listed,https://play.google.com/store/apps/details?id=com.habile.cloudbankin.clickmyloan,https://play.google.com/store/apps/details?id=com.habile.cloudbankin.clickmyloan,,,,,,,,,,,,,,,,,,Pending
mobiCred,mobiCred,Verified,Listed,https://play.google.com/store/apps/details?id=com.oricred.mobicred&pcampaignid=web_share,https://play.google.com/store/apps/details?id=com.oricred.mobicred&pcampaignid=web_share,,,,,,,,,,,,,,,,,,Pending
Smallcase: Stock Investments App,Essential Investment Managers Pvt. Ltd.,Verified,Listed,https://play.google.com/store/apps/details?id=com.smallcase.android&hl=en,https://play.google.com/store/apps/details?id=com.smallcase.android&hl=en,,,,,,,,,,,,,,,,,,Pending
Instant mudra,CHINTAMANI FINLEASE LTD.,Verified,Listed,https://www.instantmudra.com/,https://www.instantmudra.com/,,,,,,,,,,,,,,,,,,Pending
NIRA FINANCE,Shuhari Tech Ventures Pvt Ltd,Verified,Listed,https://www.nirafinance.com,https://www.nirafinance.com,,,,,,,,,,,,,,,,,,Pending
Jupiter,Amica Financial Technologies Private Limited,Verified,Listed,https://play.google.com/store/apps/details?id=money.jupiter,https://play.google.com/store/apps/details?id=money.jupiter,,,,,,,,,,,,,,,,,,Pending
Anytime Rupee,Pi Credit Services Private Limited,Verified,Listed,https://play.google.com/store/apps/details?id=com.anytimerupee,https://play.google.com/store/apps/details?id=com.anytimerupee,,,,,,,,,,,,,,,,,,Pending
Kisan nXt App,NABKISAN Finance Ltd,Verified,Listed,https://play.google.com/store/apps/details?id=com.nabkisan.krishivikas&hl=en_IN,https://play.google.com/store/apps/details?id=com.nabkisan.krishivikas&hl=en_IN,,,,,,,,,,,,,,,,,,Pending
ATM Cred,Swastik Finance Limited,Verified,Listed,https://play.google.com/store/apps/details?id=vexil.infotech.atmcred,https://play.google.com/store/apps/details?id=vexil.infotech.atmcred,,,,,,,,,,,,,,,,,,Pending
MobiKwik for Business,One Mobikwik Systems Limited,Verified,Listed,https://play.google.com/store/apps/details?id=com.mobikwik.business,https://play.google.com/store/apps/details?id=com.mobikwik.business,,,,,,,,,,,,,,,,,,Pending
SURYALOAN,RAGHAVI FINANCE LIMITED,Verified,Listed,https://play.google.com/store/apps/details?id=com.suryaloan.suryaloan&pcampaignid=web_share,https://play.google.com/store/apps/details?id=com.suryaloan.suryaloan&pcampaignid=web_share,,,,,,,,,,,,,,,,,,Pending
Yenmo- Mutual Funds Loan App,Yenmo Technologies Pvt. Ltd.,Verified,Listed,https://play.google.com/store/search?q=yenmo&c=apps&hl=en,https://play.google.com/store/search?q=yenmo&c=apps&hl=en,,,,,,,,,,,,,,,,,,Pending
MyMoneyMantra,MyMoneyMantra Fintech Private Limited,Verified,Listed,https://play.google.com/store/apps/details?id=com.mymoneymantra.customer.app&hl=en_IN,https://play.google.com/store/apps/details?id=com.mymoneymantra.customer.app&hl=en_IN,,,,,,,,,,,,,,,,,,Pending
jUMPP,FINFUTECH SOLUTIONS PRIVATE LIMITED,Verified,Listed,https://play.google.com/store/apps/details?id=com.finvasia.jumpp&hl=en_IN,https://play.google.com/store/apps/details?id=com.finvasia.jumpp&hl=en_IN,,,,,,,,,,,,,,,,,,Pending
Kreditzy,Finnovation Tech Solutions Private Limited,Verified,Listed,https://play.google.com/store/apps/details?id=com.kreditzy.android,https://play.google.com/store/apps/details?id=com.kreditzy.android,,,,,,,,,,,,,,,,,,Pending
Olyv (SmartCoin),SmartCoin Financials Private Limited,Verified,Listed,https://play.google.com/store/apps/details?id=in.rebase.app&pli=1,https://play.google.com/store/apps/details?id=in.rebase.app&pli=1,,,,,,,,,,,,,,,,,,Pending
Zapcash,Omnistack Innovation Private Limited,Verified,Listed,com.zapcash.loan,com.zapcash.loan,,,,,,,,,,,,,,,,,,Pending
Sampathi Loans,SAMPATHI CREDITS PRIVATE LIMITED,Verified,Listed,https://play.google.com/store/apps/details?id=in.sampathi.loan,https://play.google.com/store/apps/details?id=in.sampathi.loan,,,,,,,,,,,,,,,,,,Pending
Loandigit,Credit Wealth Technologies Private Limited,Verified,Listed,https://play.google.com/store/apps/details?id=com.loandigit.android,https://play.google.com/store/apps/details?id=com.loandigit.android,,,,,,,,,,,,,,,,,,Pending
PocketRupee,PHRENOLOGICAL INFO AUDIT AND APP SOLUTION PRIVATE LIMITED,Verified,Listed,https://play.google.com/store/apps/details?id=com.pocket.rupee.deal,https://play.google.com/store/apps/details?id=com.pocket.rupee.deal,,,,,,,,,,,,,,,,,,Pending
Ninjamandi,Ninjacart Services Private Limited,Verified,Listed,https://play.google.com/store/apps/details?id=com.nc.trader,https://play.google.com/store/apps/details?id=com.nc.trader,,,,,,,,,,,,,,,,,,Pending
Salary Flow,DHVIJA FINANCE LIMITED,Verified,Listed,https://play.google.com/store/apps/details?id=com.salary.flow,https://play.google.com/store/apps/details?id=com.salary.flow,,,,,,,,,,,,,,,,,,Pending
"App Store: Axis Mobile: Pay, Invest & UPI",AXIS BANK LIMITED,Verified,Listed,https://apps.apple.com/in/app/axis-bank-mobile-banking/id699582556,https://apps.apple.com/in/app/axis-bank-mobile-banking/id699582556,,,,,,,,,,,,,,,,,,Pending
Svcl Sarthi,S V Creditline Limited,Verified,Listed,https://play.google.com/store/apps/details?id=com.svcl.sarthi,https://play.google.com/store/apps/details?id=com.svcl.sarthi,,,,,,,,,,,,,,,,,,Pending
E- OD/DL against FD/RD(PNB One App),PUNJAB NATIONAL BANK,Verified,Listed,PNB ONE APP,PNB ONE APP,,,,,,,,,,,,,,,,,,Pending
Online Gold Loan : Rupeek,Rupeek Fintech Private Limited,Verified,Listed,https://play.google.com/store/apps/details?id=com.rupeek.customer&hl=en_IN&pli=1,https://play.google.com/store/apps/details?id=com.rupeek.customer&hl=en_IN&pli=1,,,,,,,,,,,,,,,,,,Pending
Apollo Cash,APOLLO FINVEST (INDIA) LTD.,Verified,Listed,https://play.google.com/store/,https://play.google.com/store/,,,,,,,,,,,,,,,,,,Pending
RupeeGo,CODETHRUST TECHNOLOGIES PRIVATE LIMITED,Verified,Listed,https://play.google.com/store/apps/details?id=com.codethrust.rupeego,https://play.google.com/store/apps/details?id=com.codethrust.rupeego,,,,,,,,,,,,,,,,,,Pending
FUNDLY,Ardour Analytics Private Limited,Verified,Listed,https://play.google.com/store/apps/details?id=com.fundly.fundly,https://play.google.com/store/apps/details?id=com.fundly.fundly,,,,,,,,,,,,,,,,,,Pending
RupeeQ,Intuino Business consulting India Private Limited,Verified,Listed,https://play.google.com/store/apps/details?id=com.rupeeq.app,https://play.google.com/store/apps/details?id=com.rupeeq.app,,,,,,,,,,,,,,,,,,Pending
GST Sahay,PUNJAB NATIONAL BANK,Verified,Listed,https://gstsahay.mypnb.in,https://gstsahay.mypnb.in,,,,,,,,,,,,,,,,,,Pending
Bajaj Finserv Markets LoanApp,BAJAJ FINSERV DIRECT LIMITED,Verified,Listed,https://play.google.com/store/apps/details?id=in.bajajfinservmarkets.app,https://play.google.com/store/apps/details?id=in.bajajfinservmarkets.app,,,,,,,,,,,,,,,,,,Pending
Bharat Khata,GREENIZON AGRITECH CONSULTANCY PRIVATE LIMITED,Verified,Listed,https://play.google.com/store/apps/details?id=com.bharatkhata.erp&hl=en_IN,https://play.google.com/store/apps/details?id=com.bharatkhata.erp&hl=en_IN,,,,,,,,,,,,,,,,,,Pending
Kreditbuddha,Vimanotech India Private Limited,Verified,Listed,https://play.google.com/store/apps/details?id=com.vimanotech.kreditbuddha,https://play.google.com/store/apps/details?id=com.vimanotech.kreditbuddha,,,,,,,,,,,,,,,,,,Pending
Loanmax,LOANMAX ADVISORY LLP,Verified,Listed,https://play.google.com/store/apps/details?id=com.loanmax&hl=en_IN,https://play.google.com/store/apps/details?id=com.loanmax&hl=en_IN,,,,,,,,,,,,,,,,,,Pending
Lendingkart: Business Loan App,Lendingkart Technologies private limited,Verified,Listed,https://play.google.com/store/apps/details?id=com.LendingKart,https://play.google.com/store/apps/details?id=com.LendingKart,,,,,,,,,,,,,,,,,,Pending
PNB Digi Suryaghar,PUNJAB NATIONAL BANK,Verified,Listed,https://digisuryaghar.pnb.in/,https://digisuryaghar.pnb.in/,,,,,,,,,,,,,,,,,,Pending
KREDBHARAT,TWOMINUTES FINTECH PRIVATE LIMITED,Verified,Listed,https://play.google.com/store/apps/details?id=com.twominutesfintech,https://play.google.com/store/apps/details?id=com.twominutesfintech,,,,,,,,,,,,,,,,,,Pending
SLiQ App,Valuenable Pvt. Ltd.,Verified,Listed,https://play.google.com/store/apps/details?id=com.valuenable.las,https://play.google.com/store/apps/details?id=com.valuenable.las,,,,,,,,,,,,,,,,,,Pending
LOAN TAP,LoanTap Financial Technologies Private Limited,Verified,Listed,https://play.google.com/store/apps/details?id=in.loantap.app&hl=en_IN,https://play.google.com/store/apps/details?id=in.loantap.app&hl=en_IN,,,,,,,,,,,,,,,,,,Pending
Cashvia,GROW MONEY CAPITAL PVT LTD (FORMERLY ECLEAR LEASING & FINANCE PVT LTD),Verified,Listed,https://play.google.com/store/apps/details?id=com.cashvia,https://play.google.com/store/apps/details?id=com.cashvia,,,,,,,,,,,,,,,,,,Pending
GoCredit,Vijayalakshmi Technology Infinity NKB Private Limited,Verified,Listed,https://play.google.com/store/apps/details?id=money.gocredit.ai,https://play.google.com/store/apps/details?id=money.gocredit.ai,,,,,,,,,,,,,,,,,,Pending
Khatabook,ADJ Utility Apps Private Limited,Verified,Listed,https://play.google.com/store/apps/details?id=com.vaibhavkalpe.android.khatabook&pcampaignid=web_share,https://play.google.com/store/apps/details?id=com.vaibhavkalpe.android.khatabook&pcampaignid=web_share,,,,,,,,,,,,,,,,,,Pending
ACHIIEVERS QUICK GOLD LOAN,ACHIIEVERS FINANCE INDIA PRIVATE LIMITED,Verified,Listed,https://play.google.com/store/apps/details?id=com.dimensions.liveloancustomerafil,https://play.google.com/store/apps/details?id=com.dimensions.liveloancustomerafil,,,,,,,,,,,,,,,,,,Pending
Pice,Nanosecond Technologies Private Limited,Verified,Listed,https://play.google.com/store/apps/details?id=one.pice.pice_business_loan,https://play.google.com/store/apps/details?id=one.pice.pice_business_loan,,,,,,,,,,,,,,,,,,Pending
PaisaBazaar Application,Paisabazaar Marketing & Consulting Private Limited,Verified,Listed,https://play.google.com/store/apps/details?id=com.paisabazaar,https://play.google.com/store/apps/details?id=com.paisabazaar,,,,,,,,,,,,,,,,,,Pending
Airtel App,Xtelify Limited,Verified,Listed,https://play.google.com/store/apps/details?id=com.myairtelapp&hl=en_IN&gl=US,https://play.google.com/store/apps/details?id=com.myairtelapp&hl=en_IN&gl=US,,,,,,,,,,,,,,,,,,Pending
Liquify App,Sumanju Technologies Pvt. Ltd.,Verified,Listed,https://play.google.com/store/apps/details?id=com.liquify,https://play.google.com/store/apps/details?id=com.liquify,,,,,,,,,,,,,,,,,,Pending
FriendLoan: Business Loan App,SAMPATHI CREDITS PRIVATE LIMITED,Verified,Listed,https://play.google.com/store/apps/details?id=in.fl.ul.lead,https://play.google.com/store/apps/details?id=in.fl.ul.lead,,,,,,,,,,,,,,,,,,Pending
EmergencyPaisa,Suburban Finance & Investment Private Limited,Verified,Listed,https://play.google.com/store/apps/details?id=com.suburban.emergency_paisa&hl=en_IN,https://play.google.com/store/apps/details?id=com.suburban.emergency_paisa&hl=en_IN,,,,,,,,,,,,,,,,,,Pending
SalaryMantra,Delviant AI Labs Private Limited,Verified,Listed,https://play.google.com/store/apps/details?id=com.salarymantra.app,https://play.google.com/store/apps/details?id=com.salarymantra.app,,,,,,,,,,,,,,,,,,Pending
Parkplus ( via Upswing),Parviom Technologies Private Limited (through LSP - Upswing Financial Technologies Private Limited),Verified,Listed,https://886bc.app.link/3YdXY305ilb?_p=c11029cb9f1c65f5e0038cfce8,https://886bc.app.link/3YdXY305ilb?_p=c11029cb9f1c65f5e0038cfce8,,,,,,,,,,,,,,,,,,Pending
Loantap - Personal Loan App,LoanTap Financial Technologies Pvt. Ltd. (LSP on behalf of I-LOAN CREDIT PRIVATE LIMITED – NBFC),Verified,Listed,https://play.google.com/store/apps/details?id=in.loantap.app,https://play.google.com/store/apps/details?id=in.loantap.app,,,,,,,,,,,,,,,,,,Pending
LOANZO,FINALOP TRADE LINKS SOLUTIONS PRIVATE LIMITED,Verified,Listed,https://play.google.com/store/apps/details?id=com.finlop.loanzo,https://play.google.com/store/apps/details?id=com.finlop.loanzo,,,,,,,,,,,,,,,,,,Pending
PaisaCash-Personal Credit,NAPEAN FINVEST PVT. LTD.,Verified,Listed,https://play.google.com/store/apps/details?id=com.paisacash.loan,https://play.google.com/store/apps/details?id=com.paisacash.loan,,,,,,,,,,,,,,,,,,Pending
Mobile Banking,My Card Solutions Pvt Ltd,Verified,Listed,Play Store - Excellent Co-op Bank Ltd,Play Store - Excellent Co-op Bank Ltd,,,,,,,,,,,,,,,,,,Pending
Finshell Pay,Growhiz Technologies Pvt Ltd,Verified,Listed,https://play.google.com/store/search?q=finshell&c=apps&hl=en,https://play.google.com/store/search?q=finshell&c=apps&hl=en,,,,,,,,,,,,,,,,,,Pending
Credit Mines,MAHAN INDUSTRIES LIMITED,Verified,Listed,https://play.google.com/store/apps/details?id=com.creditmines&pcampaignid=web_share,https://play.google.com/store/apps/details?id=com.creditmines&pcampaignid=web_share,,,,,,,,,,,,,,,,,,Pending
Titan Fincorp,Vimanotech India Private Limited,Verified,Listed,https://play.google.com/store/apps/details?id=com.vimanotech.titanfincorp,https://play.google.com/store/apps/details?id=com.vimanotech.titanfincorp,,,,,,,,,,,,,,,,,,Pending
IRIS,YES BANK LTD.,Verified,Listed,https://apps.apple.com/in/app/iris-by-yes-bank-mobile-app/id1575064171,https://apps.apple.com/in/app/iris-by-yes-bank-mobile-app/id1575064171,,,,,,,,,,,,,,,,,,Pending
Flexipayment,Value Growth Fintech Solutions Private Limited,Verified,Listed,https://app.flexipayment.in/scf,https://app.flexipayment.in/scf,,,,,,,,,,,,,,,,,,Pending
YES Race,YES BANK LTD.,Verified,Listed,https://www.yes.bank.in/yes-bank-loans/loan-in-seconds,https://www.yes.bank.in/yes-bank-loans/loan-in-seconds,,,,,,,,,,,,,,,,,,Pending
DigitMoney,DigitMoney Technologies Private Limited,Verified,Listed,https://digitmoney.in/,https://digitmoney.in/,,,,,,,,,,,,,,,,,,Pending
"INDmoney: Stocks, Mutual funds",FINZOOMERS SERVICES PRIVATE LIMITED,Verified,Listed,https://apps.apple.com/in/app/indmoney-stocks-mutual-fund/id1450178837,https://apps.apple.com/in/app/indmoney-stocks-mutual-fund/id1450178837,,,,,,,,,,,,,,,,,,Pending
Pre Approved Personal Loan,PUNJAB NATIONAL BANK,Verified,Listed,https://instaloans.pnb.bank.in/personal-loan/verify-customer#!,https://instaloans.pnb.bank.in/personal-loan/verify-customer#!,,,,,,,,,,,,,,,,,,Pending
Rupee Raftar,NAMAN FINLEASE PVT. LTD.,Verified,Listed,https://rupeeraftaar.com/,https://rupeeraftaar.com/,,,,,,,,,,,,,,,,,,Pending
CreditMitra,Samcint Solutins Private Limited,Verified,Listed,To be made available once it is live in App store,To be made available once it is live in App store,,,,,,,,,,,,,,,,,,Pending
BFL Website,BAJAJ FINANCE LTD.,Verified,Listed,www.bajajfinserv.in,www.bajajfinserv.in,,,,,,,,,,,,,,,,,,Pending
Expessoloan,Fintech Cloud Private Limited,Verified,Listed,https://expressoloan.com/,https://expressoloan.com/,,,,,,,,,,,,,,,,,,Pending
Edufin,Advansure tech Pvt Ltd* (No fresh sourcing from LSP arrangement),Verified,Listed,https://www.edufin.in,https://www.edufin.in,,,,,,,,,,,,,,,,,,Pending
E-Platform,BANK OF INDIA,Verified,Listed,https://staraks.bankofindia.bank.in,https://staraks.bankofindia.bank.in,,,,,,,,,,,,,,,,,,Pending
Loan Doc,Nexupport Services Private Limited,Verified,Listed,https://www.loandock.co.in/,https://www.loandock.co.in/,,,,,,,,,,,,,,,,,,Pending
"Fibe Quick, Easy Personal Loan",Social Worth Technologies Ltd,Verified,Listed,Fibe Instant Personal Loan App on the??App Store?,Fibe Instant Personal Loan App on the??App Store?,,,,,,,,,,,,,,,,,,Pending
KreditBee - Instant Personal Loan Online,Finnovation Tech Solutions Private Limited,Verified,Listed,https://global.app.mi.com/details?lo=IN&la=en_US&id=com.kreditbee.android,https://global.app.mi.com/details?lo=IN&la=en_US&id=com.kreditbee.android,,,,,,,,,,,,,,,,,,Pending
Bank's website,IDBI Bank Ltd,Verified,Listed,www.idbibank.in/personal-loan.aspx,www.idbibank.in/personal-loan.aspx,,,,,,,,,,,,,,,,,,Pending
IndiaLends - Instant Loan App,GC Web Ventures Private Limited,Verified,Listed,https://apps.apple.com/us/app/indialends-instant-loan-app/id1163514601,https://apps.apple.com/us/app/indialends-instant-loan-app/id1163514601,,,,,,,,,,,,,,,,,,Pending
PaapaPay,Tempora Mutantur Private Limited,Verified,Listed,https://paapapay.in,https://paapapay.in,,,,,,,,,,,,,,,,,,Pending
PennyDrop,SHANKAR FININVEST (P) LTD.,Verified,Listed,www.pennydrop.in,www.pennydrop.in,,,,,,,,,,,,,,,,,,Pending
Navi Finserv Limited,Navi Finserv Limited,Verified,Listed,http://navi.com/pl,http://navi.com/pl,,,,,,,,,,,,,,,,,,Pending
Leo 1,Gajju Technologies Private Limited* (No fresh sourcing from LSP arrangement),Verified,Listed,https://www.leo1.in,https://www.leo1.in,,,,,,,,,,,,,,,,,,Pending
Salary Setu,AMPIRE FINANCE PRIVATE LIMITED (EARLIER KNOWN AS MAULESH INVESTMENTS PRIVATE LIMITED),Verified,Listed,https://salarysetu.com/,https://salarysetu.com/,,,,,,,,,,,,,,,,,,Pending
Truepay,JAIN FINSCAP PRIVATE LIMITED,Verified,Listed,https://jain-fintech-assets.s3.us-east-1.amazonaws.com/Application/Truepay.apk,https://jain-fintech-assets.s3.us-east-1.amazonaws.com/Application/Truepay.apk,,,,,,,,,,,,,,,,,,Pending
"Smallcase: Stocks, MFs, FDs App",Essential Investment Managers Pvt. Ltd.,Verified,Listed,https://apps.apple.com/in/app/smallcase-stocks-mfs-fds/id1345309437,https://apps.apple.com/in/app/smallcase-stocks-mfs-fds/id1345309437,,,,,,,,,,,,,,,,,,Pending
Monedo Financial Services Private Limited,Monedo Financial services private Limited,Verified,Listed,not.applicable,not.applicable,,,,,,,,,,,,,,,,,,Pending
Fast Paisa,AMPIRE FINANCE PRIVATE LIMITED( FORMERLY KNOWN AS MAULESH INVESTMENT PRIVATE LTD),Verified,Listed,https://fastpaise.in/,https://fastpaise.in/,,,,,,,,,,,,,,,,,,Pending
Bitrocket by CheQ,Bitrocket Labs Private Limited,Verified,Listed,https://cheq.onelink.me/3UIC/kqzbhgy0,https://cheq.onelink.me/3UIC/kqzbhgy0,,,,,,,,,,,,,,,,,,Pending
Myinstafunds,B.P. SECURITIES (INDIA) PVT. LTD.,Verified,Listed,https://www.myinstafunds.com/,https://www.myinstafunds.com/,,,,,,,,,,,,,,,,,,Pending
Aspire Fintech Private Limited (Web based paltform),Aspire Fintech Private Limited,Verified,Listed,apply.letsaspire.in,apply.letsaspire.in,,,,,,,,,,,,,,,,,,Pending
Jodo?,Bharosepe Technology Services Pvt Ltd.* (No fresh sourcing from LSP arrangement),Verified,Listed,https://www.jodo.in,https://www.jodo.in,,,,,,,,,,,,,,,,,,Pending
Credfin: Instant Personal Loans,Credfin Services Private Limited,Verified,Listed,https://play.google.com/store/apps/details?id=com.credfin.money,https://play.google.com/store/apps/details?id=com.credfin.money,,,,,,,,,,,,,,,,,,Pending
Buddy Loan,Bvalue Services Private Limited,Verified,Listed,https://www.buddyloan.com/,https://www.buddyloan.com/,,,,,,,,,,,,,,,,,,Pending
RupyMart,Rupymart Tech Private Limited,Verified,Listed,https://rupymart.com,https://rupymart.com,,,,,,,,,,,,,,,,,,Pending
Manipal Fintech - Loan App,Manipal Fintech Private Limited,Verified,Listed,,,,,,,,,,,,,,,,,,,,Pending
ZET,ZET Technolabs Private Limited,Verified,Listed,https://apps.apple.com/in/app/zet-build-your-credit-score/id6736613540,https://apps.apple.com/in/app/zet-build-your-credit-score/id6736613540,,,,,,,,,,,,,,,,,,Pending
QuickPaisa Fintech Private Limited,QuickPaisa Fintech Private Limited,Verified,Listed,https://apps.apple.com/in/app/quickpaisa-get-loan-get-reward/id6752324494,https://apps.apple.com/in/app/quickpaisa-get-loan-get-reward/id6752324494,,,,,,,,,,,,,,,,,,Pending
One Andro,Andromeda Sales and Distribution Private Limited,Verified,Listed,https://apps.apple.com/in/app/oneandro-loans-insurance/id6478778926,https://apps.apple.com/in/app/oneandro-loans-insurance/id6478778926,,,,,,,,,,,,,,,,,,Pending
Apply for Credit Card,PUNJAB NATIONAL BANK,Verified,Listed,https://apply.creditcard.pnb.bank.in,https://apply.creditcard.pnb.bank.in,,,,,,,,,,,,,,,,,,Pending
Ananda Dairy Limited,ANANDA DAIRY LIMITED,Verified,Listed,https://ananda.in,https://ananda.in,,,,,,,,,,,,,,,,,,Pending
MyMoneyMantra: Loans & Cards,MyMoneyMantra Fintech Private Limited,Verified,Listed,https://apps.apple.com/in/app/mymoneymantra-loans-cards/id1568452714,https://apps.apple.com/in/app/mymoneymantra-loans-cards/id1568452714,,,,,,,,,,,,,,,,,,Pending
Suvron,Shantilekh Global Technology Private Limited,Verified,Listed,to be published,to be published,,,,,,,,,,,,,,,,,,Pending
Moneycontrolpay,Moneycontrol Dot Com India Limited,Verified,Listed,https://www.moneycontrolpay.com/,https://www.moneycontrolpay.com/,,,,,,,,,,,,,,,,,,Pending
Digital Lending Platform,Canara Bank,Verified,Listed,https://portal.digiloans.canarabank.in/LoanPortal/,https://portal.digiloans.canarabank.in/LoanPortal/,,,,,,,,,,,,,,,,,,Pending
PM Vidya Laxmi,Canara Bank,Verified,Listed,https://pmvidyalaxmi.co.in/,https://pmvidyalaxmi.co.in/,,,,,,,,,,,,,,,,,,Pending
"PhonePe: UPI, Payments, Recharge",PHONEPE LENDING SERVICES PRIVATE LIMITED,Verified,Listed,https://apps.apple.com/in/app/phonepe-secure-payments-app/id1170055821,https://apps.apple.com/in/app/phonepe-secure-payments-app/id1170055821,,,,,,,,,,,,,,,,,,Pending
Flipkart App,Flipkart Internet Private Limited(DLA),Verified,Listed,https://apps.apple.com/in/app/flipkart-online-shopping-app/id742044692,https://apps.apple.com/in/app/flipkart-online-shopping-app/id742044692,,,,,,,,,,,,,,,,,,Pending
PAISA UDHAR,JUNOON CAPITAL SERVICES (P) LTD.,Verified,Listed,https://www.paisaudhar.com,https://www.paisaudhar.com,,,,,,,,,,,,,,,,,,Pending
Dhanrishi,Fintech Cloud Private Limited,Verified,Listed,https://dhanrishi.com/,https://dhanrishi.com/,,,,,,,,,,,,,,,,,,Pending
Lionlender-Loan App,Lionlender Finance Private Limited,Verified,Listed,https://lionlender.in/,https://lionlender.in/,,,,,,,,,,,,,,,,,,Pending
PQPL,BANK OF MAHARASHTRA,Verified,Listed,https://bomdigitalloans.bankofmaharashtra.bank.in/#/layout/papl/login?bom,https://bomdigitalloans.bankofmaharashtra.bank.in/#/layout/papl/login?bom,,,,,,,,,,,,,,,,,,Pending
ActLoan,,Risky,Not listed (exact-name check against project RBI copy),https://www.rbi.org.in/scripts/FS_PressRelease.aspx?prid=57801,,,,,,,,,,,,,,,,,,,Pending
AgMoney,,Risky,Not listed (exact-name check against project RBI copy),https://www.rbi.org.in/scripts/FS_PressRelease.aspx?prid=57801,,,,,,,,,,,,,,,,,,,Pending
NiceCash,,Risky,Not listed (exact-name check against project RBI copy),https://www.rbi.org.in/scripts/FS_PressRelease.aspx?prid=57801,,,,,,,,,,,,,,,,,,,Pending
CashLender,,Risky,Not listed (exact-name check against project RBI copy),https://www.rbi.org.in/scripts/FS_PressRelease.aspx?prid=57801,,,,,,,,,,,,,,,,,,,Pending
QuickRupee,,Risky,Not listed (exact-name check against project RBI copy),https://www.rbi.org.in/scripts/FS_PressRelease.aspx?prid=57801,,,,,,,,,,,,,,,,,,,Pending
leading cash,,Risky,Not listed (exact-name check against project RBI copy),https://www.rbi.org.in/scripts/FS_PressRelease.aspx?prid=57801,,,,,,,,,,,,,,,,,,,Pending
TopCash,,Risky,Not listed (exact-name check against project RBI copy),https://www.rbi.org.in/scripts/FS_PressRelease.aspx?prid=57801,,,,,,,,,,,,,,,,,,,Pending
CreditEasy,,Risky,Not listed (exact-name check against project RBI copy),https://www.rbi.org.in/scripts/FS_PressRelease.aspx?prid=57801,,,,,,,,,,,,,,,,,,,Pending
InhanCash,,Risky,Not listed (exact-name check against project RBI copy),https://www.rbi.org.in/scripts/FS_PressRelease.aspx?prid=57801,,,,,,,,,,,,,,,,,,,Pending
KeyBorrow,,Risky,Not listed (exact-name check against project RBI copy),https://www.rbi.org.in/scripts/FS_PressRelease.aspx?prid=57801,,,,,,,,,,,,,,,,,,,Pending
Rushloan,,Risky,Not listed (exact-name check against project RBI copy),https://www.rbi.org.in/scripts/FS_PressRelease.aspx?prid=57801,,,,,,,,,,,,,,,,,,,Pending
CaymanCash,,Risky,Not listed (exact-name check against project RBI copy),https://www.rbi.org.in/scripts/FS_PressRelease.aspx?prid=57801,,,,,,,,,,,,,,,,,,,Pending
Loan Union,,Risky,Not listed (exact-name check against project RBI copy),https://www.rbi.org.in/scripts/FS_PressRelease.aspx?prid=57801,,,,,,,,,,,,,,,,,,,Pending
instant loan,,Risky,Not listed (exact-name check against project RBI copy),https://www.rbi.org.in/scripts/FS_PressRelease.aspx?prid=57801,,,,,,,,,,,,,,,,,,,Pending
Urupee,,Risky,Not listed (exact-name check against project RBI copy),https://www.rbi.org.in/scripts/FS_PressRelease.aspx?prid=57801,,,,,,,,,,,,,,,,,,,Pending
CashYes,,Risky,Not listed (exact-name check against project RBI copy),https://www.rbi.org.in/scripts/FS_PressRelease.aspx?prid=57801,,,,,,,,,,,,,,,,,,,Pending
RupeeUp,,Risky,Not listed (exact-name check against project RBI copy),https://www.rbi.org.in/scripts/FS_PressRelease.aspx?prid=57801,,,,,,,,,,,,,,,,,,,Pending
RupeeYes,,Risky,Not listed (exact-name check against project RBI copy),https://www.rbi.org.in/scripts/FS_PressRelease.aspx?prid=57801,,,,,,,,,,,,,,,,,,,Pending
Cashfull,,Risky,Not listed (exact-name check against project RBI copy),https://www.rbi.org.in/scripts/FS_PressRelease.aspx?prid=57801,,,,,,,,,,,,,,,,,,,Pending
Dreamloan,,Risky,Not listed (exact-name check against project RBI copy),https://www.rbi.org.in/scripts/FS_PressRelease.aspx?prid=57801,,,,,,,,,,,,,,,,,,,Pending
Grandloan,,Risky,Not listed (exact-name check against project RBI copy),https://www.rbi.org.in/scripts/FS_PressRelease.aspx?prid=57801,,,,,,,,,,,,,,,,,,,Pending
HopeLoan,,Risky,Not listed (exact-name check against project RBI copy),https://www.rbi.org.in/scripts/FS_PressRelease.aspx?prid=57801,,,,,,,,,,,,,,,,,,,Pending
KreditLoan,,Risky,Not listed (exact-name check against project RBI copy),https://www.rbi.org.in/scripts/FS_PressRelease.aspx?prid=57801,,,,,,,,,,,,,,,,,,,Pending
Leloloan,,Risky,Not listed (exact-name check against project RBI copy),https://www.rbi.org.in/scripts/FS_PressRelease.aspx?prid=57801,,,,,,,,,,,,,,,,,,,Pending
LendNow,,Risky,Not listed (exact-name check against project RBI copy),https://www.rbi.org.in/scripts/FS_PressRelease.aspx?prid=57801,,,,,,,,,,,,,,,,,,,Pending
PunchMoney,,Risky,Not listed (exact-name check against project RBI copy),https://www.rbi.org.in/scripts/FS_PressRelease.aspx?prid=57801,,,,,,,,,,,,,,,,,,,Pending
RocLoan,,Risky,Not listed (exact-name check against project RBI copy),https://www.rbi.org.in/scripts/FS_PressRelease.aspx?prid=57801,,,,,,,,,,,,,,,,,,,Pending
HavCash,,Risky,Not listed (exact-name check against project RBI copy),https://www.rbi.org.in/scripts/FS_PressRelease.aspx?prid=57801,,,,,,,,,,,,,,,,,,,Pending
QuickCash,,Risky,Not listed (exact-name check against project RBI copy),https://www.rbi.org.in/scripts/FS_PressRelease.aspx?prid=57801,,,,,,,,,,,,,,,,,,,Pending
Cashere,,Risky,Not listed (exact-name check against project RBI copy),https://www.rbi.org.in/scripts/FS_PressRelease.aspx?prid=57801,,,,,,,,,,,,,,,,,,,Pending
Cash delivery,,Risky,Not listed (exact-name check against project RBI copy),https://www.rbi.org.in/scripts/FS_PressRelease.aspx?prid=57801,,,,,,,,,,,,,,,,,,,Pending
BusyAnt,,Risky,Not listed (exact-name check against project RBI copy),https://www.rbi.org.in/scripts/FS_PressRelease.aspx?prid=57801,,,,,,,,,,,,,,,,,,,Pending
Cash Dove,,Risky,Not listed (exact-name check against project RBI copy),https://www.rbi.org.in/scripts/FS_PressRelease.aspx?prid=57801,,,,,,,,,,,,,,,,,,,Pending
